{
    "rmse": 0.8049077259738874,
    "mae": 0.6577555822725955,
    "r2": 0.008614172255363317
}